<annotation>
	<folder>images</folder>
	<filename>N103.jpeg</filename>
	<path>C:\Users\Mostafa\Desktop\Project_Files\1_Labeling\images\N103.jpeg</path>
	<source>
		<database>Unknown</database>
	</source>
	<size>
		<width>1800</width>
		<height>1200</height>
		<depth>3</depth>
	</size>
	<segmented>0</segmented>
	<object>
		<name>numberplate</name>
		<pose>Unspecified</pose>
		<truncated>0</truncated>
		<difficult>0</difficult>
		<bndbox>
			<xmin>810</xmin>
			<ymin>677</ymin>
			<xmax>1067</xmax>
			<ymax>727</ymax>
		</bndbox>
	</object>
</annotation>
