<annotation>
	<folder>images</folder>
	<filename>N121.jpeg</filename>
	<path>C:\Users\Mostafa\Desktop\Project_Files\1_Labeling\images\N121.jpeg</path>
	<source>
		<database>Unknown</database>
	</source>
	<size>
		<width>802</width>
		<height>557</height>
		<depth>3</depth>
	</size>
	<segmented>0</segmented>
	<object>
		<name>numberplate</name>
		<pose>Unspecified</pose>
		<truncated>0</truncated>
		<difficult>0</difficult>
		<bndbox>
			<xmin>311</xmin>
			<ymin>323</ymin>
			<xmax>507</xmax>
			<ymax>373</ymax>
		</bndbox>
	</object>
</annotation>
