<annotation>
	<folder>images</folder>
	<filename>N130.jpeg</filename>
	<path>C:\Users\Mostafa\Desktop\Project_Files\1_Labeling\images\N130.jpeg</path>
	<source>
		<database>Unknown</database>
	</source>
	<size>
		<width>594</width>
		<height>379</height>
		<depth>3</depth>
	</size>
	<segmented>0</segmented>
	<object>
		<name>numberplate</name>
		<pose>Unspecified</pose>
		<truncated>0</truncated>
		<difficult>0</difficult>
		<bndbox>
			<xmin>419</xmin>
			<ymin>179</ymin>
			<xmax>521</xmax>
			<ymax>203</ymax>
		</bndbox>
	</object>
</annotation>
