<annotation>
	<folder>images</folder>
	<filename>N132.jpeg</filename>
	<path>C:\Users\Mostafa\Desktop\Project_Files\1_Labeling\images\N132.jpeg</path>
	<source>
		<database>Unknown</database>
	</source>
	<size>
		<width>503</width>
		<height>439</height>
		<depth>3</depth>
	</size>
	<segmented>0</segmented>
	<object>
		<name>numberplate</name>
		<pose>Unspecified</pose>
		<truncated>0</truncated>
		<difficult>0</difficult>
		<bndbox>
			<xmin>99</xmin>
			<ymin>96</ymin>
			<xmax>329</xmax>
			<ymax>295</ymax>
		</bndbox>
	</object>
</annotation>
