<annotation>
	<folder>images</folder>
	<filename>N135.jpeg</filename>
	<path>C:\Users\Mostafa\Desktop\Project_Files\1_Labeling\images\N135.jpeg</path>
	<source>
		<database>Unknown</database>
	</source>
	<size>
		<width>470</width>
		<height>375</height>
		<depth>3</depth>
	</size>
	<segmented>0</segmented>
	<object>
		<name>numberplate</name>
		<pose>Unspecified</pose>
		<truncated>0</truncated>
		<difficult>0</difficult>
		<bndbox>
			<xmin>157</xmin>
			<ymin>199</ymin>
			<xmax>338</xmax>
			<ymax>244</ymax>
		</bndbox>
	</object>
</annotation>
