<annotation>
	<folder>images</folder>
	<filename>N136.jpeg</filename>
	<path>C:\Users\Mostafa\Desktop\Project_Files\1_Labeling\images\N136.jpeg</path>
	<source>
		<database>Unknown</database>
	</source>
	<size>
		<width>1632</width>
		<height>918</height>
		<depth>3</depth>
	</size>
	<segmented>0</segmented>
	<object>
		<name>numberplate</name>
		<pose>Unspecified</pose>
		<truncated>0</truncated>
		<difficult>0</difficult>
		<bndbox>
			<xmin>795</xmin>
			<ymin>479</ymin>
			<xmax>909</xmax>
			<ymax>521</ymax>
		</bndbox>
	</object>
</annotation>
