<annotation>
	<folder>images</folder>
	<filename>N147.jpeg</filename>
	<path>C:\Users\Mostafa\Desktop\Project_Files\1_Labeling\images\N147.jpeg</path>
	<source>
		<database>Unknown</database>
	</source>
	<size>
		<width>1070</width>
		<height>907</height>
		<depth>3</depth>
	</size>
	<segmented>0</segmented>
	<object>
		<name>numberplate</name>
		<pose>Unspecified</pose>
		<truncated>0</truncated>
		<difficult>0</difficult>
		<bndbox>
			<xmin>423</xmin>
			<ymin>544</ymin>
			<xmax>618</xmax>
			<ymax>590</ymax>
		</bndbox>
	</object>
</annotation>
