<annotation>
	<folder>images</folder>
	<filename>N152.jpeg</filename>
	<path>C:\Users\Mostafa\Desktop\Project_Files\1_Labeling\images\N152.jpeg</path>
	<source>
		<database>Unknown</database>
	</source>
	<size>
		<width>919</width>
		<height>532</height>
		<depth>3</depth>
	</size>
	<segmented>0</segmented>
	<object>
		<name>numberplate</name>
		<pose>Unspecified</pose>
		<truncated>0</truncated>
		<difficult>0</difficult>
		<bndbox>
			<xmin>262</xmin>
			<ymin>200</ymin>
			<xmax>733</xmax>
			<ymax>368</ymax>
		</bndbox>
	</object>
</annotation>
