<annotation>
	<folder>images</folder>
	<filename>N166.jpeg</filename>
	<path>C:\Users\Mostafa\Desktop\Project_Files\1_Labeling\images\N166.jpeg</path>
	<source>
		<database>Unknown</database>
	</source>
	<size>
		<width>1266</width>
		<height>453</height>
		<depth>3</depth>
	</size>
	<segmented>0</segmented>
	<object>
		<name>numberplate</name>
		<pose>Unspecified</pose>
		<truncated>0</truncated>
		<difficult>0</difficult>
		<bndbox>
			<xmin>811</xmin>
			<ymin>246</ymin>
			<xmax>1029</xmax>
			<ymax>294</ymax>
		</bndbox>
	</object>
</annotation>
