<annotation>
	<folder>images</folder>
	<filename>N184.jpeg</filename>
	<path>C:\Users\Mostafa\Desktop\Project_Files\1_Labeling\images\N184.jpeg</path>
	<source>
		<database>Unknown</database>
	</source>
	<size>
		<width>1512</width>
		<height>825</height>
		<depth>3</depth>
	</size>
	<segmented>0</segmented>
	<object>
		<name>numberplate</name>
		<pose>Unspecified</pose>
		<truncated>0</truncated>
		<difficult>0</difficult>
		<bndbox>
			<xmin>283</xmin>
			<ymin>200</ymin>
			<xmax>1348</xmax>
			<ymax>659</ymax>
		</bndbox>
	</object>
</annotation>
