<annotation>
	<folder>images</folder>
	<filename>N190.jpeg</filename>
	<path>C:\Users\Mostafa\Desktop\Project_Files\1_Labeling\images\N190.jpeg</path>
	<source>
		<database>Unknown</database>
	</source>
	<size>
		<width>2285</width>
		<height>1714</height>
		<depth>3</depth>
	</size>
	<segmented>0</segmented>
	<object>
		<name>numberplate</name>
		<pose>Unspecified</pose>
		<truncated>0</truncated>
		<difficult>0</difficult>
		<bndbox>
			<xmin>885</xmin>
			<ymin>823</ymin>
			<xmax>1543</xmax>
			<ymax>960</ymax>
		</bndbox>
	</object>
</annotation>
