<annotation>
	<folder>images</folder>
	<filename>N193.jpeg</filename>
	<path>C:\Users\Mostafa\Desktop\Project_Files\1_Labeling\images\N193.jpeg</path>
	<source>
		<database>Unknown</database>
	</source>
	<size>
		<width>802</width>
		<height>615</height>
		<depth>3</depth>
	</size>
	<segmented>0</segmented>
	<object>
		<name>numberplate</name>
		<pose>Unspecified</pose>
		<truncated>0</truncated>
		<difficult>0</difficult>
		<bndbox>
			<xmin>276</xmin>
			<ymin>6</ymin>
			<xmax>498</xmax>
			<ymax>56</ymax>
		</bndbox>
	</object>
</annotation>
