<annotation>
	<folder>images</folder>
	<filename>N195.jpeg</filename>
	<path>C:\Users\Mostafa\Desktop\Project_Files\1_Labeling\images\N195.jpeg</path>
	<source>
		<database>Unknown</database>
	</source>
	<size>
		<width>600</width>
		<height>450</height>
		<depth>3</depth>
	</size>
	<segmented>0</segmented>
	<object>
		<name>numberplate</name>
		<pose>Unspecified</pose>
		<truncated>0</truncated>
		<difficult>0</difficult>
		<bndbox>
			<xmin>179</xmin>
			<ymin>128</ymin>
			<xmax>399</xmax>
			<ymax>241</ymax>
		</bndbox>
	</object>
</annotation>
