<annotation>
	<folder>images</folder>
	<filename>N203.jpeg</filename>
	<path>C:\Users\Mostafa\Desktop\Project_Files\1_Labeling\images\N203.jpeg</path>
	<source>
		<database>Unknown</database>
	</source>
	<size>
		<width>2047</width>
		<height>1365</height>
		<depth>3</depth>
	</size>
	<segmented>0</segmented>
	<object>
		<name>numberplate</name>
		<pose>Unspecified</pose>
		<truncated>0</truncated>
		<difficult>0</difficult>
		<bndbox>
			<xmin>762</xmin>
			<ymin>808</ymin>
			<xmax>1264</xmax>
			<ymax>917</ymax>
		</bndbox>
	</object>
</annotation>
