<annotation>
	<folder>images</folder>
	<filename>N236.jpeg</filename>
	<path>C:\Users\Mostafa\Desktop\Project_Files\1_Labeling\images\N236.jpeg</path>
	<source>
		<database>Unknown</database>
	</source>
	<size>
		<width>462</width>
		<height>290</height>
		<depth>3</depth>
	</size>
	<segmented>0</segmented>
	<object>
		<name>numberplate</name>
		<pose>Unspecified</pose>
		<truncated>0</truncated>
		<difficult>0</difficult>
		<bndbox>
			<xmin>313</xmin>
			<ymin>116</ymin>
			<xmax>381</xmax>
			<ymax>140</ymax>
		</bndbox>
	</object>
</annotation>
