<annotation>
	<folder>images</folder>
	<filename>N247.jpeg</filename>
	<path>C:\Users\Mostafa\Desktop\Project_Files\1_Labeling\images\N247.jpeg</path>
	<source>
		<database>Unknown</database>
	</source>
	<size>
		<width>1569</width>
		<height>1119</height>
		<depth>3</depth>
	</size>
	<segmented>0</segmented>
	<object>
		<name>numberplate</name>
		<pose>Unspecified</pose>
		<truncated>0</truncated>
		<difficult>0</difficult>
		<bndbox>
			<xmin>649</xmin>
			<ymin>521</ymin>
			<xmax>880</xmax>
			<ymax>582</ymax>
		</bndbox>
	</object>
</annotation>
