<annotation>
	<folder>images</folder>
	<filename>N4.jpeg</filename>
	<path>C:\Users\Mostafa\Desktop\Project_Files\1_Labeling\images\N4.jpeg</path>
	<source>
		<database>Unknown</database>
	</source>
	<size>
		<width>3644</width>
		<height>2429</height>
		<depth>3</depth>
	</size>
	<segmented>0</segmented>
	<object>
		<name>numberplate</name>
		<pose>Unspecified</pose>
		<truncated>0</truncated>
		<difficult>0</difficult>
		<bndbox>
			<xmin>1338</xmin>
			<ymin>1475</ymin>
			<xmax>1833</xmax>
			<ymax>1601</ymax>
		</bndbox>
	</object>
</annotation>
