<annotation>
	<folder>images</folder>
	<filename>N46.jpeg</filename>
	<path>C:\Users\Mostafa\Desktop\Project_Files\1_Labeling\images\N46.jpeg</path>
	<source>
		<database>Unknown</database>
	</source>
	<size>
		<width>927</width>
		<height>309</height>
		<depth>3</depth>
	</size>
	<segmented>0</segmented>
	<object>
		<name>numberplate</name>
		<pose>Unspecified</pose>
		<truncated>0</truncated>
		<difficult>0</difficult>
		<bndbox>
			<xmin>460</xmin>
			<ymin>111</ymin>
			<xmax>791</xmax>
			<ymax>241</ymax>
		</bndbox>
	</object>
</annotation>
