<annotation>
	<folder>images</folder>
	<filename>N69.jpeg</filename>
	<path>C:\Users\Mostafa\Desktop\Project_Files\1_Labeling\images\N69.jpeg</path>
	<source>
		<database>Unknown</database>
	</source>
	<size>
		<width>1200</width>
		<height>800</height>
		<depth>3</depth>
	</size>
	<segmented>0</segmented>
	<object>
		<name>numberplate</name>
		<pose>Unspecified</pose>
		<truncated>0</truncated>
		<difficult>0</difficult>
		<bndbox>
			<xmin>635</xmin>
			<ymin>457</ymin>
			<xmax>832</xmax>
			<ymax>550</ymax>
		</bndbox>
	</object>
</annotation>
