<annotation>
	<folder>images</folder>
	<filename>N75.jpeg</filename>
	<path>C:\Users\Mostafa\Desktop\Project_Files\1_Labeling\images\N75.jpeg</path>
	<source>
		<database>Unknown</database>
	</source>
	<size>
		<width>1154</width>
		<height>1199</height>
		<depth>3</depth>
	</size>
	<segmented>0</segmented>
	<object>
		<name>numberplate</name>
		<pose>Unspecified</pose>
		<truncated>0</truncated>
		<difficult>0</difficult>
		<bndbox>
			<xmin>438</xmin>
			<ymin>677</ymin>
			<xmax>741</xmax>
			<ymax>740</ymax>
		</bndbox>
	</object>
</annotation>
