<annotation>
	<folder>images</folder>
	<filename>N79.jpeg</filename>
	<path>C:\Users\Mostafa\Desktop\Project_Files\1_Labeling\images\N79.jpeg</path>
	<source>
		<database>Unknown</database>
	</source>
	<size>
		<width>547</width>
		<height>546</height>
		<depth>3</depth>
	</size>
	<segmented>0</segmented>
	<object>
		<name>numberplate</name>
		<pose>Unspecified</pose>
		<truncated>0</truncated>
		<difficult>0</difficult>
		<bndbox>
			<xmin>103</xmin>
			<ymin>275</ymin>
			<xmax>282</xmax>
			<ymax>355</ymax>
		</bndbox>
	</object>
</annotation>
