<annotation>
	<folder>images</folder>
	<filename>N8.jpeg</filename>
	<path>C:\Users\Mostafa\Desktop\Project_Files\1_Labeling\images\N8.jpeg</path>
	<source>
		<database>Unknown</database>
	</source>
	<size>
		<width>2962</width>
		<height>2223</height>
		<depth>3</depth>
	</size>
	<segmented>0</segmented>
	<object>
		<name>numberplate</name>
		<pose>Unspecified</pose>
		<truncated>0</truncated>
		<difficult>0</difficult>
		<bndbox>
			<xmin>770</xmin>
			<ymin>1670</ymin>
			<xmax>1527</xmax>
			<ymax>1863</ymax>
		</bndbox>
	</object>
</annotation>
