<annotation>
	<folder>images</folder>
	<filename>N81.jpeg</filename>
	<path>C:\Users\Mostafa\Desktop\Project_Files\1_Labeling\images\N81.jpeg</path>
	<source>
		<database>Unknown</database>
	</source>
	<size>
		<width>469</width>
		<height>436</height>
		<depth>3</depth>
	</size>
	<segmented>0</segmented>
	<object>
		<name>numberplate</name>
		<pose>Unspecified</pose>
		<truncated>0</truncated>
		<difficult>0</difficult>
		<bndbox>
			<xmin>61</xmin>
			<ymin>300</ymin>
			<xmax>176</xmax>
			<ymax>332</ymax>
		</bndbox>
	</object>
</annotation>
